firstName,lastName
Kristine,Clark
Emily,Hunt
Julian,Black
Rudy,Daniels
Erika,Strickland
Colin,Johnston
Jennie,Mccoy
Tracy,Cohen
Marco,Palmer
Sean,Bass
Nora,Lawson
Courtney,Glover
Melvin,Hudson
Ed,Martin
Gladys,Hoffman
Gordon,Robinson
Geoffrey,Beck
Eileen,Pope
Candice,Reid
Edith,Obrien
Evan,Gibson
Guy,Valdez
Nick,Ward
Brandy,Craig
Roosevelt,Potter
Javier,Simpson
Phillip,Norman
Margarita,Lloyd
Myron,Delgado
Ella,Wilson
Archie,Peters
Viola,Martinez
Margie,Tate
Katrina,Garrett
Stephen,Parker
Nichole,Simmons
Miranda,Little
Jeffrey,Smith
Homer,Weaver
Mable,Elliott
Jackie,Francis
Clinton,Patton
Willard,Young
Minnie,Wise
Beverly,Dean
Robert,Banks
Joseph,Owen
Holly,Russell
Marty,Griffith
Joey,Carson
Glenda,Farmer
Herman,Baker
Mark,Quinn
Kari,Mills
Wanda,Ramos
Adrienne,Chandler
Iris,Norris
Rodney,Sullivan
Andrew,Franklin
Robyn,Byrd
Albert,Gardner
Elvira,Adkins
Lynette,Dennis
Krystal,Jensen
Nathaniel,Todd
Betty,Weber
Marianne,Drake
Donnie,Wilkins
Kristina,Willis
Jay,Taylor
Opal,Schultz
Johnnie,Thomas
Emilio,Sharp
Garrett,Caldwell
Lee,Morris
Lena,Jimenez
Marvin,Keller
Everett,Logan
Shannon,Ortega
Ray,Wong
Jorge,Schneider
Dolores,Baldwin
Jeremiah,French
Patty,Newton
Bennie,Bradley
Desiree,Blair
Lela,Allen
Calvin,Ross
Lucy,Hamilton
Allison,Grant
Alberta,Malone
Ernesto,Hale
Edgar,Munoz
Doris,Rivera
Darin,Ramsey
Eddie,Peterson
Katherine,Ford
Danny,Nash
Roderick,Washington
Margaret,Marshall
Bill,Conner
Claude,Perry
Arlene,Cross
Perry,Mendez
Arnold,Graves
Karen,Ferguson
Josefina,Marsh
Boyd,Tate
Nelson,Phelps
Adrienne,Miller
Terrance,Barton
Mildred,Martinez
Roxanne,Romero
Leon,Howell
Hope,Brewer
Gordon,Estrada
Pete,Nguyen
Rogelio,Pearson
Mindy,Perkins
Cedric,Morris
Kristine,Johnson
Ramiro,Andrews
Gerard,Mcdaniel
Lila,West
Alonzo,Kennedy
Cynthia,Park
Mathew,Reynolds
Sabrina,Aguilar
Rosa,Edwards
Russell,George
Dominic,Saunders
Lance,Carr
Janie,Lawson
Jenny,Carpenter
Tara,Henry
Melinda,Ruiz
Toni,Ingram
Troy,Chambers
Jaime,Byrd
Jesus,Mullins
Cesar,Gibson
Michael,Rice
Ebony,Knight
Marco,Thomas
Beulah,Graham
Johnnie,Jones
Loren,Harvey
Dean,Mcbride
Andrew,Snyder
Hazel,Campbell
Natasha,Jordan
Lucille,Turner
Joe,Maxwell
Edmund,Sandoval
Moses,Franklin
Harvey,Pittman
Daniel,Stokes
Emmett,Wade
Wallace,Kelly
Arturo,Erickson
Kathleen,Evans
Juana,King
Irving,Patterson
Toby,Mills
Eloise,Hunt
Angelo,Morales
Martin,Sanchez
Luke,Fox
Evelyn,Price
Adrian,Weaver
Dwight,Moreno
Danielle,Jimenez
Lee,Parsons
Spencer,Harrison
Valerie,Gonzales
Jeremy,Fuller
Francis,Delgado
Bridget,Dawson
Nicholas,Moore
Jean,Robinson
Mary,Singleton
Malcolm,Doyle
Rose,Powell
Ryan,Higgins
Bob,Hammond
Miguel,Kelley
Claire,Figueroa
Georgia,Schmidt
Damon,Brock
Theodore,Ball
Emanuel,Hampton
Sherri,Jacobs
Charlotte,Benson
Jermaine,Chavez
Beth,Caldwell
Julio,Arnold
Horace,Crawford
Sonia,Watts
Susan,Gomez
Kara,Lee
Jason,Swanson
Andre,Wagner
Daryl,Goodman
Spencer,Manning
Marcia,Hogan
Merle,Hanson
Candace,Dean
Johanna,Kim
Lance,Roberts
Micheal,Norton
Darren,Harrison
Jake,Vega
Neal,Gonzalez
Joel,Simon
Katherine,Cobb
Preston,Harmon
Shawn,Howell
Loretta,Simpson
Terence,Baker
Tina,Page
Doris,Ramos
Mathew,Evans
Grant,Clayton
Toby,Lewis
Todd,Rodriguez
Ricardo,Bradley
Billy,Wallace
Lorene,Horton
Nina,Duncan
Everett,Watkins
Jerald,Carpenter
Courtney,Newton
Charlene,Adkins
Ernest,Jensen
Stanley,Jennings
Boyd,Clark
Bertha,Parks
Kellie,Hall
Garry,Campbell
Alexandra,Owens
Lisa,Carson
Jan,May
Grady,Simmons
Tricia,Hernandez
Conrad,Lee
Joe,Martin
Victoria,Hoffman
Bert,Townsend
Geoffrey,Leonard
Archie,Benson
Randolph,Fisher
Shannon,Robinson
Esther,Bell
Jacquelyn,Osborne
Eunice,Wise
Walter,Peters
Ora,Lamb
Frank,Barnes
Sherri,Griffith
Julio,Morgan
Marlene,Reid
Gordon,Powers
Javier,Maxwell
Allan,Terry
Stacey,Sullivan
Dustin,Bridges
Kenny,Guzman
Bradley,Day
Charles,Chandler
Wade,Morton
Pete,Wilson
Michele,Gilbert
Maggie,Bryant
Celia,Valdez
Olive,Baldwin
Carmen,Bowman
Alan,Curry
Dexter,Figueroa
Gwendolyn,Schwartz
Kelly,Grant
Veronica,Cain
Shirley,Underwood
Leon,Mathis
Genevieve,Hamilton
Brandi,Castillo
Stella,Reyes
Lila,Schultz
Naomi,Lane
Seth,Beck
Isabel,Murphy
Cecil,Mcdaniel
Calvin,French
Kathy,Mann
Hector,Saunders
Dale,Steele
Krystal,Cole
Dewey,Reeves
Daniel,Conner
Priscilla,Ruiz
Marshall,Haynes
Stanley,Lewis
Ray,Henry
Kimberly,Walker
Rodney,Buchanan
Tonya,Garrett
Kelly,Norman
Nettie,Kelly
Elisa,Lucas
Lori,Mccormick
Stewart,Kim
Harvey,Fuller
Cora,Swanson
Leo,Bryant
Oliver,Benson
Diana,Powell
Garrett,French
Hazel,Reid
Terrell,Osborne
Antonia,Barton
Verna,Fields
Shirley,Padilla
Dwight,Ray
Heidi,Perkins
Margaret,Snyder
Jon,Hughes
Pamela,Reed
Richard,Guerrero
Noah,Jacobs
Al,Briggs
Myra,Rivera
Teri,Jordan
Mitchell,Cannon
Vivian,Warren
Wade,Mcbride
Danielle,Baldwin
Betty,Colon
Jennifer,Lynch
Agnes,Thomas
Neil,Fitzgerald
Jacob,Walton
Shari,Shaw
Kristy,Cross
Meghan,Mcdonald
Jody,Joseph
Krystal,Schmidt
Toby,Boone
Virginia,Harvey
Mike,Griffin
Loren,Keller
Melody,Hubbard
Monique,Smith
Cornelius,Hawkins
Carl,Payne
Erma,Bush
Judith,King
Loretta,Page
Ernesto,Morgan
April,Ortiz
Camille,Gill
Julia,Webster
Jesus,Sanchez
Sonia,Woods
Marion,Rodgers
Katie,Vasquez
Crystal,Rios
Alan,Carroll
Kathy,Boyd
Laura,Frank
Maryann,Shelton
Ramon,Burke
Renee,Goodwin
Kelley,Oliver
Terry,Chambers
Fredrick,Miller
Sabrina,Frazier
Ervin,Obrien
Pat,Clayton
Luis,Hodges
Juana,Hale
Gilberto,Elliott
Julio,Roberson
Elijah,Washington
Paul,Gilbert
Willard,Hamilton
Roosevelt,Mcguire
William,Watkins
Angel,Hogan
Marcus,Cobb
Dawn,Norris
Kent,Conner
Pearl,Williamson
Freddie,Nichols
Sonya,Murray
Lena,Palmer
Donnie,Coleman
Mario,Stephens
Kim,Bowen
Gail,Tyler
Patricia,Bass
Wayne,Stokes
Erma,Wheeler
Monique,Ford
Alberto,Hanson
Tami,Fox
Marcella,Cummings
Gerard,Rivera
Marlene,Berry
Brett,Cannon
Amos,Park
Marie,Barton
Luz,White
Valerie,Montgomery
Janis,Elliott
Enrique,Ramsey
Pete,Mccoy
Diana,Simmons
Jeanette,Hammond
Tim,Owen
Courtney,Burgess
Jack,Bass
Tammy,French
Candice,Logan
Clayton,Hampton
Diane,Perez
Jamie,Blair
Nathan,Pittman
Kurt,Patton
Cameron,Parker
Cheryl,Dunn
Salvador,Ross
Katrina,Howell
Garry,Floyd
Felicia,Moore
Jan,Harrison
Stanley,Klein
Nettie,Duncan
Darrin,Hall
Barbara,Matthews
Ebony,Steele
Audrey,Marsh
Javier,Bennett
Margaret,Rodgers
Howard,Ray
Joey,Pearson
Carole,Wade
Bridget,Green
Omar,Cobb
Lauren,Cole
Simon,Simon
Beatrice,Williamson
Maggie,Wagner
William,Guerrero
Lois,Henry
Jessie,Harrington
Luther,Stewart
Luke,Gonzales
Lula,Owens
Irving,Robertson
Alton,Rodriquez
Archie,Mitchell
Bryant,Norris
Laura,Warner
Sammy,Gardner
Sergio,Santos
Ernesto,Mckenzie
Jerome,Nelson
Roxanne,Ballard
Guy,Hogan
Terrell,Stone
Lowell,Gibson
Jeannie,Meyer
Rosa,Padilla
Martin,Mendoza
Emily,Kim
Patsy,Allison
Georgia,Baker
Eula,Howard
Mitchell,Porter
Todd,Clark
Frederick,Alvarez
Gail,Mullins
Louis,Fisher
Angel,Nguyen
Raquel,Turner
Juana,Lamb
Ken,Quinn
Billy,Sparks
Janet,Stokes
Velma,Vaughn
Phillip,Flores
Colleen,Peterson
Herbert,Reese
Jean,Thompson
Ann,Ryan
Ronald,Colon
Julius,Lynch
Elena,Newton
Sherry,Buchanan
Ray,Hale
Melvin,Obrien